Model,RMSE
XGBoost,0.5309814183733517
LightGBM,0.5329406336190115
CatBoost,0.5397305013719852
