{"baseline": {"rmse_log": 0.47296736358356517, "mae_log": 0.372436727537626, "mape": 60.23453998718449}, "pipeline": {"rmse_log": 0.5077069711178498, "mae_log": 0.4000329561603696, "mape": 60.38921007187963}}